{
  "ed_admissions_minimal_0600": {
    "train_valid_test_set_no": {
      "train_set_no": 13913,
      "valid_set_no": 1094,
      "test_set_no": 4189
    },
    "best_params": "{'n_estimators': 30}",
    "train_valid_set_results": {
      "{'n_estimators': 30}": {
        "train_auc": 0.8272141261903585,
        "valid_auc": 0.6727216161450011,
        "train_logloss": 0.3928001273091066,
        "valid_logloss": 0.4580192999540268
      }
    },
    "test_set_results": {
      "test_auc": 0.6964542724542724,
      "test_logloss": 0.45582964021596895
    },
    "best_model_features": {
      "feature_names": [
        "elapsed_los",
        "sex_F",
        "sex_M",
        "age_group_0-17",
        "age_group_18-24",
        "age_group_25-34",
        "age_group_35-44",
        "age_group_45-54",
        "age_group_55-64",
        "age_group_65-74",
        "age_group_75-102",
        "age_group_nan",
        "arrival_method_Amb no medic",
        "arrival_method_Ambulance",
        "arrival_method_Custodial se",
        "arrival_method_Med Flight",
        "arrival_method_Non-emergenc",
        "arrival_method_Police",
        "arrival_method_Public Trans",
        "arrival_method_Walk-in",
        "arrival_method_nan"
      ],
      "feature_importances": [
        0.0235202107578516, 0.015061288140714169, 0.0, 0.018581602722406387,
        0.09253241866827011, 0.03021772764623165, 0.017305264249444008,
        0.025071801617741585, 0.06696536391973495, 0.11605235934257507,
        0.41551727056503296, 0.010404854081571102, 0.03166688233613968,
        0.050382036715745926, 0.0, 0.0, 0.0029425027314573526,
        0.019094064831733704, 0.017558131366968155, 0.03307640179991722,
        0.014049752615392208
      ]
    }
  },
  "ed_admissions_minimal_0930": {
    "train_valid_test_set_no": {
      "train_set_no": 19720,
      "valid_set_no": 1684,
      "test_set_no": 6090
    },
    "best_params": "{'n_estimators': 30}",
    "train_valid_set_results": {
      "{'n_estimators': 30}": {
        "train_auc": 0.8358110858853663,
        "valid_auc": 0.7032079837174879,
        "train_logloss": 0.3096358682383807,
        "valid_logloss": 0.3774631550710708
      }
    },
    "test_set_results": {
      "test_auc": 0.7217316300816274,
      "test_logloss": 0.36089941025058514
    },
    "best_model_features": {
      "feature_names": [
        "elapsed_los",
        "sex_F",
        "sex_M",
        "age_group_0-17",
        "age_group_18-24",
        "age_group_25-34",
        "age_group_35-44",
        "age_group_45-54",
        "age_group_55-64",
        "age_group_65-74",
        "age_group_75-102",
        "age_group_nan",
        "arrival_method_Amb no medic",
        "arrival_method_Ambulance",
        "arrival_method_Custodial se",
        "arrival_method_Non-emergenc",
        "arrival_method_Police",
        "arrival_method_Public Trans",
        "arrival_method_Walk-in",
        "arrival_method_nan"
      ],
      "feature_importances": [
        0.032003484666347504, 0.01718621328473091, 0.0, 0.02128922939300537,
        0.03321397677063942, 0.021245183423161507, 0.021035902202129364,
        0.018577029928565025, 0.021790070459246635, 0.07477591186761856,
        0.10030350089073181, 0.0029442470986396074, 0.17979741096496582,
        0.3759172260761261, 0.0, 0.008533736690878868, 0.020086361095309258,
        0.015237979590892792, 0.014749811962246895, 0.021312745288014412
      ]
    }
  },
  "ed_admissions_minimal_1200": {
    "train_valid_test_set_no": {
      "train_set_no": 32914,
      "valid_set_no": 2756,
      "test_set_no": 10836
    },
    "best_params": "{'n_estimators': 30}",
    "train_valid_set_results": {
      "{'n_estimators': 30}": {
        "train_auc": 0.8035469109962815,
        "valid_auc": 0.700776401594159,
        "train_logloss": 0.3219634379703975,
        "valid_logloss": 0.3650146600936899
      }
    },
    "test_set_results": {
      "test_auc": 0.709764313540902,
      "test_logloss": 0.34097795069089465
    },
    "best_model_features": {
      "feature_names": [
        "elapsed_los",
        "sex_F",
        "sex_M",
        "age_group_0-17",
        "age_group_18-24",
        "age_group_25-34",
        "age_group_35-44",
        "age_group_45-54",
        "age_group_55-64",
        "age_group_65-74",
        "age_group_75-102",
        "age_group_nan",
        "arrival_method_Amb no medic",
        "arrival_method_Ambulance",
        "arrival_method_Custodial se",
        "arrival_method_Non-emergenc",
        "arrival_method_Police",
        "arrival_method_Public Trans",
        "arrival_method_Walk-in",
        "arrival_method_nan"
      ],
      "feature_importances": [
        0.02527409791946411, 0.013452649116516113, 0.0, 0.017372550442814827,
        0.027994392439723015, 0.026307152584195137, 0.015359202399849892,
        0.017739370465278625, 0.025800185278058052, 0.06103591248393059,
        0.091550812125206, 0.004824488423764706, 0.20560277998447418,
        0.38408899307250977, 0.0, 0.01329029630869627, 0.007392651401460171,
        0.015646712854504585, 0.009761925786733627, 0.037505727261304855
      ]
    }
  },
  "ed_admissions_minimal_1530": {
    "train_valid_test_set_no": {
      "train_set_no": 40640,
      "valid_set_no": 3034,
      "test_set_no": 13188
    },
    "best_params": "{'n_estimators': 30}",
    "train_valid_set_results": {
      "{'n_estimators': 30}": {
        "train_auc": 0.7973127995700008,
        "valid_auc": 0.7178305927842745,
        "train_logloss": 0.35366722692102337,
        "valid_logloss": 0.4036158731628687
      }
    },
    "test_set_results": {
      "test_auc": 0.7135468345119607,
      "test_logloss": 0.37974997960010126
    },
    "best_model_features": {
      "feature_names": [
        "elapsed_los",
        "sex_F",
        "sex_M",
        "age_group_0-17",
        "age_group_18-24",
        "age_group_25-34",
        "age_group_35-44",
        "age_group_45-54",
        "age_group_55-64",
        "age_group_65-74",
        "age_group_75-102",
        "age_group_nan",
        "arrival_method_Amb no medic",
        "arrival_method_Ambulance",
        "arrival_method_Custodial se",
        "arrival_method_Med Flight",
        "arrival_method_Non-emergenc",
        "arrival_method_Police",
        "arrival_method_Public Trans",
        "arrival_method_Walk-in",
        "arrival_method_nan"
      ],
      "feature_importances": [
        0.019656721502542496, 0.009800593368709087, 0.0, 0.013491061516106129,
        0.06357601284980774, 0.04390145465731621, 0.012706229463219643,
        0.014645216055214405, 0.0381057932972908, 0.09034702926874161,
        0.10462583601474762, 0.0, 0.23174560070037842, 0.297333300113678, 0.0,
        0.0, 0.004776902962476015, 0.009203764609992504, 0.00888860784471035,
        0.009071887470781803, 0.028123941272497177
      ]
    }
  },
  "ed_admissions_minimal_2200": {
    "train_valid_test_set_no": {
      "train_set_no": 34235,
      "valid_set_no": 2661,
      "test_set_no": 10056
    },
    "best_params": "{'n_estimators': 30}",
    "train_valid_set_results": {
      "{'n_estimators': 30}": {
        "train_auc": 0.8159135289138402,
        "valid_auc": 0.7328746678312446,
        "train_logloss": 0.3524269064458364,
        "valid_logloss": 0.40185664171846247
      }
    },
    "test_set_results": {
      "test_auc": 0.7479378679562657,
      "test_logloss": 0.41623965395243356
    },